<?xml version="1.0" encoding="utf-8" ?>
<manifest xmlns="http://www.imsglobal.org/xsd/imscp_v1p1"
          xmlns:xsi="http://www.w3.org/2001/XMLSchema-instance"
          xmlns:adlcp="http://www.adlnet.org/xsd/adlcp_rootv1p2"
          xmlns:cwsp="http://www.dspace.org/xmlns/cwspace_imscp"
          xmlns:ocw="http://ocw.mit.edu/xmlns/ocw_imscp"
          xmlns:lom="http://ocw.mit.edu/xmlns/LOM"
          identifier="urn_edu.mit.ocw_21m-380-music-and-technology-algorithmic-and-generative-music-spring-2010"
          version="2015-5-24T12:31:1"
          cwsp:packageType="Course"
          xml:base="21m-380-spring-2010/"
          xsi:schemaLocation="http://www.imsglobal.org/xsd/imscp_v1p1 http://www.imsglobal.org/xsd/imscp_v1p1.xsd  http://www.adlnet.org/xsd/adlcp_rootv1p2 http://www.adlnet.org/xsd/adlcp_rootv1p2.xsd http://www.dspace.org/xmlns/cwspace_imscp http://www.dspace.org/xsd/cwspace_imscp/version10/cwspace_imscpv10.xsd http://ocw.mit.edu/xmlns/ocw_imscp http://ocw.mit.edu/xsd/ocw_imscp/version10/ocw_imscpv10.xsd http://ocw.mit.edu/xmlns/LOM http://ocw.mit.edu/xsd/LOM/lomv1.0/lomv1.0.xsd">
   	<metadata>
   		<schema>IMS Content</schema>
        <schemaversion>1.1</schemaversion>
        <cwsp:packageMetadata>
            <cwsp:sourceSystem>OCW</cwsp:sourceSystem>
            <cwsp:profile>CWSpace</cwsp:profile>
            <cwsp:profileVersion>0.1</cwsp:profileVersion>
        </cwsp:packageMetadata>
        <lom:general uniqueElementName="general">
            <lom:title uniqueElementName="title">
				<lom:string language="en">Music and Technology: Algorithmic and Generative Music</lom:string>
			</lom:title>
			<lom:identifier>
				<lom:catalog uniqueElementName="catalog">OCW Master Course Number</lom:catalog>
		      	<lom:entry uniqueElementName="entry">21M.380</lom:entry>
			</lom:identifier>
        </lom:general>
        <lom:lifecycle uniqueElementName="lifeCycle">
            <lom:version uniqueElementName="version">
				<lom:string language="en">Spring 2010</lom:string>
			</lom:version>
            <lom:contribute>
	            <lom:role>
	                <lom:source uniqueElementName="source">OCW_LOMv1.0</lom:source>
	                <lom:value uniqueElementName="value">Author</lom:value>
	            </lom:role>
	            <lom:entity>Ariza, Christopher</lom:entity>
	            <lom:date uniqueElementName="date">
	                <lom:dateTime uniqueElementName="dateTime">2015-5-24</lom:dateTime>
	            </lom:date>
        	</lom:contribute>
        </lom:lifecycle>
        <lom:taxonPath>
            <lom:source uniqueElementName="source">
                <lom:string language="en">OCW Course Categories</lom:string>
            </lom:source>
            <lom:taxon>
                <lom:entry uniqueElementName="entry">
                    <lom:string language="en">Fine Arts</lom:string>
                </lom:entry>
            </lom:taxon>
            <lom:taxon>
                <lom:entry uniqueElementName="entry">
                    <lom:string language="en">Music</lom:string>
                </lom:entry>
            </lom:taxon>
            <lom:taxon>
                <lom:entry uniqueElementName="entry">
                    <lom:string language="en">Music History</lom:string>
                </lom:entry>
            </lom:taxon>
        </lom:taxonPath>
        <lom:taxonPath>
            <lom:source uniqueElementName="source">
                <lom:string language="en">OCW Course Categories</lom:string>
            </lom:source>
            <lom:taxon>
                <lom:entry uniqueElementName="entry">
                    <lom:string language="en">Fine Arts</lom:string>
                </lom:entry>
            </lom:taxon>
            <lom:taxon>
                <lom:entry uniqueElementName="entry">
                    <lom:string language="en">Music</lom:string>
                </lom:entry>
            </lom:taxon>
            <lom:taxon>
                <lom:entry uniqueElementName="entry">
                    <lom:string language="en">Music Theory</lom:string>
                </lom:entry>
            </lom:taxon>
        </lom:taxonPath>
        <lom:taxonPath>
            <lom:source uniqueElementName="source">
                <lom:string language="en">OCW Course Categories</lom:string>
            </lom:source>
            <lom:taxon>
                <lom:entry uniqueElementName="entry">
                    <lom:string language="en">Fine Arts</lom:string>
                </lom:entry>
            </lom:taxon>
            <lom:taxon>
                <lom:entry uniqueElementName="entry">
                    <lom:string language="en">Media Studies</lom:string>
                </lom:entry>
            </lom:taxon>
            <lom:taxon>
                <lom:entry uniqueElementName="entry">
                    <lom:string language="en">Digital Media</lom:string>
                </lom:entry>
            </lom:taxon>
        </lom:taxonPath>
        <lom:taxonPath>
            <lom:source uniqueElementName="source">
                <lom:string language="en">OCW Course Categories</lom:string>
            </lom:source>
            <lom:taxon>
                <lom:entry uniqueElementName="entry">
                    <lom:string language="en">Mathematics</lom:string>
                </lom:entry>
            </lom:taxon>
            <lom:taxon>
                <lom:entry uniqueElementName="entry">
                    <lom:string language="en">Applied Mathematics</lom:string>
                </lom:entry>
            </lom:taxon>
            
        </lom:taxonPath>
        <lom:taxonPath>
            <lom:source uniqueElementName="source">
                <lom:string language="en">OCW Course Categories</lom:string>
            </lom:source>
            <lom:taxon>
                <lom:entry uniqueElementName="entry">
                    <lom:string language="en">Engineering</lom:string>
                </lom:entry>
            </lom:taxon>
            <lom:taxon>
                <lom:entry uniqueElementName="entry">
                    <lom:string language="en">Computer Science</lom:string>
                </lom:entry>
            </lom:taxon>
            <lom:taxon>
                <lom:entry uniqueElementName="entry">
                    <lom:string language="en">Algorithms and Data Structures</lom:string>
                </lom:entry>
            </lom:taxon>
        </lom:taxonPath>        
        <adlcp:location>contents/index.htm.xml</adlcp:location>
    </metadata>
    <organizations default="ocw_21m-380-music-and-technology-algorithmic-and-generative-music-spring-2010">
        <organization identifier="ocw_21m-380-music-and-technology-algorithmic-and-generative-music-spring-2010">
            <title>Music and Technology: Algorithmic and Generative Music</title>
            <item identifier="i_21m-380-music-and-technology-algorithmic-and-generative-music-spring-2010.CourseHome"
                  identifierref="r_contents.index.htm"
                  ocw:sectionTemplateType="CourseHomePage"
                  ocw:sectionTemplateVersion="2015-5-24">
				<title>Music and Technology: Algorithmic and Generative Music</title>
				<item identifier="i_21m-380-music-and-technology-algorithmic-and-generative-music-spring-2010.21m-380s10.jpg"
          identifierref="r_contents.21m-380s10.jpg">
				<title>21m-380s10.jpg</title>
				</item>
				<item identifier="i_21m-380-music-and-technology-algorithmic-and-generative-music-spring-2010.21m-380s10-th.jpg"
          identifierref="r_contents.21m-380s10-th.jpg">
				<title>21m-380s10-th.jpg</title>
				</item>
			</item>
            <item identifier="i_21m-380-music-and-technology-algorithmic-and-generative-music-spring-2010.Syllabus"
                  identifierref="r_contents.Syllabus.index.htm"
                  ocw:sectionTemplateType="CourseSection"
                  ocw:sectionTemplateVersion="2015-5-24">
				<title>Syllabus</title>
			</item>
            <item identifier="i_21m-380-music-and-technology-algorithmic-and-generative-music-spring-2010.lecture-notes"
                  identifierref="r_contents.lecture-notes.index.htm"
                  ocw:sectionTemplateType="CourseSection"
                  ocw:sectionTemplateVersion="2015-5-24">
				<title>Lecture Notes</title>
				<item identifier="i_21m-380-music-and-technology-algorithmic-and-generative-music-spring-2010.lecture-notes.MIT21M_380S10_lec16.pdf"
          identifierref="r_contents.lecture-notes.MIT21M_380S10_lec16.pdf">
				<title>MIT21M_380S10_lec16.pdf</title>
				</item>
				<item identifier="i_21m-380-music-and-technology-algorithmic-and-generative-music-spring-2010.lecture-notes.MIT21M_380S10_lec03.pdf"
          identifierref="r_contents.lecture-notes.MIT21M_380S10_lec03.pdf">
				<title>MIT21M_380S10_lec03.pdf</title>
				</item>
				<item identifier="i_21m-380-music-and-technology-algorithmic-and-generative-music-spring-2010.lecture-notes.MIT21M_380S10_lec24.pdf"
          identifierref="r_contents.lecture-notes.MIT21M_380S10_lec24.pdf">
				<title>MIT21M_380S10_lec24.pdf</title>
				</item>
				<item identifier="i_21m-380-music-and-technology-algorithmic-and-generative-music-spring-2010.lecture-notes.MIT21M_380S10_lec01.pdf"
          identifierref="r_contents.lecture-notes.MIT21M_380S10_lec01.pdf">
				<title>MIT21M_380S10_lec01.pdf</title>
				</item>
				<item identifier="i_21m-380-music-and-technology-algorithmic-and-generative-music-spring-2010.lecture-notes.MIT21M_380S10_lec12.pdf"
          identifierref="r_contents.lecture-notes.MIT21M_380S10_lec12.pdf">
				<title>MIT21M_380S10_lec12.pdf</title>
				</item>
				<item identifier="i_21m-380-music-and-technology-algorithmic-and-generative-music-spring-2010.lecture-notes.MIT21M_380S10_lec_ref.pdf"
          identifierref="r_contents.lecture-notes.MIT21M_380S10_lec_ref.pdf">
				<title>MIT21M_380S10_lec_ref.pdf</title>
				</item>
				<item identifier="i_21m-380-music-and-technology-algorithmic-and-generative-music-spring-2010.lecture-notes.MIT21M_380S10_lec22.pdf"
          identifierref="r_contents.lecture-notes.MIT21M_380S10_lec22.pdf">
				<title>MIT21M_380S10_lec22.pdf</title>
				</item>
				<item identifier="i_21m-380-music-and-technology-algorithmic-and-generative-music-spring-2010.lecture-notes.MIT21M_380S10_lec20.pdf"
          identifierref="r_contents.lecture-notes.MIT21M_380S10_lec20.pdf">
				<title>MIT21M_380S10_lec20.pdf</title>
				</item>
				<item identifier="i_21m-380-music-and-technology-algorithmic-and-generative-music-spring-2010.lecture-notes.MIT21M_380S10_lec_cvr_toc.pdf"
          identifierref="r_contents.lecture-notes.MIT21M_380S10_lec_cvr_toc.pdf">
				<title>MIT21M_380S10_lec_cvr_toc.pdf</title>
				</item>
				<item identifier="i_21m-380-music-and-technology-algorithmic-and-generative-music-spring-2010.lecture-notes.MIT21M_380S10_lec02.pdf"
          identifierref="r_contents.lecture-notes.MIT21M_380S10_lec02.pdf">
				<title>MIT21M_380S10_lec02.pdf</title>
				</item>
				<item identifier="i_21m-380-music-and-technology-algorithmic-and-generative-music-spring-2010.lecture-notes.MIT21M_380S10_lec04.pdf"
          identifierref="r_contents.lecture-notes.MIT21M_380S10_lec04.pdf">
				<title>MIT21M_380S10_lec04.pdf</title>
				</item>
				<item identifier="i_21m-380-music-and-technology-algorithmic-and-generative-music-spring-2010.lecture-notes.MIT21M_380S10_lec10.pdf"
          identifierref="r_contents.lecture-notes.MIT21M_380S10_lec10.pdf">
				<title>MIT21M_380S10_lec10.pdf</title>
				</item>
				<item identifier="i_21m-380-music-and-technology-algorithmic-and-generative-music-spring-2010.lecture-notes.MIT21M_380S10_lec17.pdf"
          identifierref="r_contents.lecture-notes.MIT21M_380S10_lec17.pdf">
				<title>MIT21M_380S10_lec17.pdf</title>
				</item>
				<item identifier="i_21m-380-music-and-technology-algorithmic-and-generative-music-spring-2010.lecture-notes.MIT21M_380S10_lec21.pdf"
          identifierref="r_contents.lecture-notes.MIT21M_380S10_lec21.pdf">
				<title>MIT21M_380S10_lec21.pdf</title>
				</item>
				<item identifier="i_21m-380-music-and-technology-algorithmic-and-generative-music-spring-2010.lecture-notes.MIT21M_380S10_lec23.pdf"
          identifierref="r_contents.lecture-notes.MIT21M_380S10_lec23.pdf">
				<title>MIT21M_380S10_lec23.pdf</title>
				</item>
				<item identifier="i_21m-380-music-and-technology-algorithmic-and-generative-music-spring-2010.lecture-notes.MIT21M_380S10_lec14.pdf"
          identifierref="r_contents.lecture-notes.MIT21M_380S10_lec14.pdf">
				<title>MIT21M_380S10_lec14.pdf</title>
				</item>
				<item identifier="i_21m-380-music-and-technology-algorithmic-and-generative-music-spring-2010.lecture-notes.MIT21M_380S10_lec18.pdf"
          identifierref="r_contents.lecture-notes.MIT21M_380S10_lec18.pdf">
				<title>MIT21M_380S10_lec18.pdf</title>
				</item>
				<item identifier="i_21m-380-music-and-technology-algorithmic-and-generative-music-spring-2010.lecture-notes.MIT21M_380S10_lec08.pdf"
          identifierref="r_contents.lecture-notes.MIT21M_380S10_lec08.pdf">
				<title>MIT21M_380S10_lec08.pdf</title>
				</item>
				<item identifier="i_21m-380-music-and-technology-algorithmic-and-generative-music-spring-2010.lecture-notes.MIT21M_380S10_lec25_26.pdf"
          identifierref="r_contents.lecture-notes.MIT21M_380S10_lec25_26.pdf">
				<title>MIT21M_380S10_lec25_26.pdf</title>
				</item>
				<item identifier="i_21m-380-music-and-technology-algorithmic-and-generative-music-spring-2010.lecture-notes.MIT21M_380S10_lec19.pdf"
          identifierref="r_contents.lecture-notes.MIT21M_380S10_lec19.pdf">
				<title>MIT21M_380S10_lec19.pdf</title>
				</item>
				<item identifier="i_21m-380-music-and-technology-algorithmic-and-generative-music-spring-2010.lecture-notes.MIT21M_380S10_lec13.pdf"
          identifierref="r_contents.lecture-notes.MIT21M_380S10_lec13.pdf">
				<title>MIT21M_380S10_lec13.pdf</title>
				</item>
				<item identifier="i_21m-380-music-and-technology-algorithmic-and-generative-music-spring-2010.lecture-notes.MIT21M_380S10_lec11.pdf"
          identifierref="r_contents.lecture-notes.MIT21M_380S10_lec11.pdf">
				<title>MIT21M_380S10_lec11.pdf</title>
				</item>
				<item identifier="i_21m-380-music-and-technology-algorithmic-and-generative-music-spring-2010.lecture-notes.MIT21M_380S10_lec07.pdf"
          identifierref="r_contents.lecture-notes.MIT21M_380S10_lec07.pdf">
				<title>MIT21M_380S10_lec07.pdf</title>
				</item>
				<item identifier="i_21m-380-music-and-technology-algorithmic-and-generative-music-spring-2010.lecture-notes.MIT21M_380S10_lec09.pdf"
          identifierref="r_contents.lecture-notes.MIT21M_380S10_lec09.pdf">
				<title>MIT21M_380S10_lec09.pdf</title>
				</item>
				<item identifier="i_21m-380-music-and-technology-algorithmic-and-generative-music-spring-2010.lecture-notes.MIT21M_380S10_lec06.pdf"
          identifierref="r_contents.lecture-notes.MIT21M_380S10_lec06.pdf">
				<title>MIT21M_380S10_lec06.pdf</title>
				</item>
				<item identifier="i_21m-380-music-and-technology-algorithmic-and-generative-music-spring-2010.lecture-notes.MIT21M_380S10_lec05.pdf"
          identifierref="r_contents.lecture-notes.MIT21M_380S10_lec05.pdf">
				<title>MIT21M_380S10_lec05.pdf</title>
				</item>
				<item identifier="i_21m-380-music-and-technology-algorithmic-and-generative-music-spring-2010.lecture-notes.MIT21M_380S10_lec15.pdf"
          identifierref="r_contents.lecture-notes.MIT21M_380S10_lec15.pdf">
				<title>MIT21M_380S10_lec15.pdf</title>
				</item>
				<item identifier="i_21m-380-music-and-technology-algorithmic-and-generative-music-spring-2010.lecture-notes.MIT21M_380S10_notes.pdf"
          identifierref="r_contents.lecture-notes.MIT21M_380S10_notes.pdf">
				<title>MIT21M_380S10_notes.pdf</title>
				</item>
			</item>
            <item identifier="i_21m-380-music-and-technology-algorithmic-and-generative-music-spring-2010.readings-and-listening"
                  identifierref="r_contents.readings-and-listening.index.htm"
                  ocw:sectionTemplateType="CourseSection"
                  ocw:sectionTemplateVersion="2015-5-24">
				<title>Readings and Listening</title>
				<item identifier="i_21m-380-music-and-technology-algorithmic-and-generative-music-spring-2010.readings-and-listening.MIT21M_380S10_read_btmimos.pdf"
          identifierref="r_contents.readings-and-listening.MIT21M_380S10_read_btmimos.pdf">
				<title>MIT21M_380S10_read_btmimos.pdf</title>
				</item>
				<item identifier="i_21m-380-music-and-technology-algorithmic-and-generative-music-spring-2010.readings-and-listening.MIT21M_380S10_read_nlcaacs.pdf"
          identifierref="r_contents.readings-and-listening.MIT21M_380S10_read_nlcaacs.pdf">
				<title>MIT21M_380S10_read_nlcaacs.pdf</title>
				</item>
			</item>
            <item identifier="i_21m-380-music-and-technology-algorithmic-and-generative-music-spring-2010.assignments-and-projects"
                  identifierref="r_contents.assignments-and-projects.index.htm"
                  ocw:sectionTemplateType="CourseSection"
                  ocw:sectionTemplateVersion="2015-5-24">
				<title>Assignments and Projects</title>
				<item identifier="i_21m-380-music-and-technology-algorithmic-and-generative-music-spring-2010.assignments-and-projects.design-report-1"
          identifierref="r_contents.assignments-and-projects.design-report-1.index.htm">
				<title>Design Report 1 sample</title>
				</item>
				<item identifier="i_21m-380-music-and-technology-algorithmic-and-generative-music-spring-2010.assignments-and-projects.assignments-and-projects.design-report-1.Acr24F.jpg"
          identifierref="r_contents.assignments-and-projects.design-report-1.Acr24F.jpg">
				<title>Acr24F.jpg</title>
				</item>
				<item identifier="i_21m-380-music-and-technology-algorithmic-and-generative-music-spring-2010.assignments-and-projects.design-report-2"
          identifierref="r_contents.assignments-and-projects.design-report-2.index.htm">
				<title>Design Report 2 sample</title>
				</item>
				<item identifier="i_21m-380-music-and-technology-algorithmic-and-generative-music-spring-2010.assignments-and-projects.assignments-and-projects.design-report-2.assn2_a_files.zip"
          identifierref="r_contents.assignments-and-projects.design-report-2.assn2_a_files.zip">
				<title>assn2_a_files.zip</title>
				</item>
				<item identifier="i_21m-380-music-and-technology-algorithmic-and-generative-music-spring-2010.assignments-and-projects.design-report-3"
          identifierref="r_contents.assignments-and-projects.design-report-3.index.htm">
				<title>Design Report 3 sample</title>
				</item>
				<item identifier="i_21m-380-music-and-technology-algorithmic-and-generative-music-spring-2010.assignments-and-projects.assignments-and-projects.design-report-3.assn3_a.pd"
          identifierref="r_contents.assignments-and-projects.design-report-3.assn3_a.pd">
				<title>assn3_a.pd</title>
				</item>
				<item identifier="i_21m-380-music-and-technology-algorithmic-and-generative-music-spring-2010.assignments-and-projects.generative-context"
          identifierref="r_contents.assignments-and-projects.generative-context.index.htm">
				<title>Project Sample: Generative Context-free Grammars</title>
				</item>
				<item identifier="i_21m-380-music-and-technology-algorithmic-and-generative-music-spring-2010.assignments-and-projects.assignments-and-projects.generative-context.MIT21M_380S10_assn_ss_c.pdf"
          identifierref="r_contents.assignments-and-projects.generative-context.MIT21M_380S10_assn_ss_c.pdf">
				<title>MIT21M_380S10_assn_ss_c.pdf</title>
				</item>
				<item identifier="i_21m-380-music-and-technology-algorithmic-and-generative-music-spring-2010.assignments-and-projects.assignments-and-projects.generative-context.assn_ss_c_files.zip"
          identifierref="r_contents.assignments-and-projects.generative-context.assn_ss_c_files.zip">
				<title>assn_ss_c_files.zip</title>
				</item>
				<item identifier="i_21m-380-music-and-technology-algorithmic-and-generative-music-spring-2010.assignments-and-projects.genetic-algorithms"
          identifierref="r_contents.assignments-and-projects.genetic-algorithms.index.htm">
				<title>Project Sample: Genetic Algorithms</title>
				</item>
				<item identifier="i_21m-380-music-and-technology-algorithmic-and-generative-music-spring-2010.assignments-and-projects.assignments-and-projects.genetic-algorithms.assn_ss_b_files.zip"
          identifierref="r_contents.assignments-and-projects.genetic-algorithms.assn_ss_b_files.zip">
				<title>assn_ss_b_files.zip</title>
				</item>
				<item identifier="i_21m-380-music-and-technology-algorithmic-and-generative-music-spring-2010.assignments-and-projects.assignments-and-projects.genetic-algorithms.MIT21M_380S10_assn_ss_b.pdf"
          identifierref="r_contents.assignments-and-projects.genetic-algorithms.MIT21M_380S10_assn_ss_b.pdf">
				<title>MIT21M_380S10_assn_ss_b.pdf</title>
				</item>
				<item identifier="i_21m-380-music-and-technology-algorithmic-and-generative-music-spring-2010.assignments-and-projects.video-soundtrack"
          identifierref="r_contents.assignments-and-projects.video-soundtrack.index.htm">
				<title>Project Sample: Video Soundtrack Generation with PD </title>
				</item>
				<item identifier="i_21m-380-music-and-technology-algorithmic-and-generative-music-spring-2010.assignments-and-projects.assignments-and-projects.video-soundtrack.assn_ss_a_files.zip"
          identifierref="r_contents.assignments-and-projects.video-soundtrack.assn_ss_a_files.zip">
				<title>assn_ss_a_files.zip</title>
				</item>
				<item identifier="i_21m-380-music-and-technology-algorithmic-and-generative-music-spring-2010.assignments-and-projects.project-sample-game-of-life-2013-with-music"
          identifierref="r_contents.assignments-and-projects.project-sample-game-of-life-2013-with-music.index.htm">
				<title>Project Sample: Game of Life – With Music!</title>
				</item>
				<item identifier="i_21m-380-music-and-technology-algorithmic-and-generative-music-spring-2010.assignments-and-projects.assignments-and-projects.project-sample-game-of-life-2013-with-music.gameoflife.jpg"
          identifierref="r_contents.assignments-and-projects.project-sample-game-of-life-2013-with-music.gameoflife.jpg">
				<title>gameoflife.jpg</title>
				</item>
			</item>
            <item identifier="i_21m-380-music-and-technology-algorithmic-and-generative-music-spring-2010.tools"
                  identifierref="r_contents.tools.index.htm"
                  ocw:sectionTemplateType="CourseSection"
                  ocw:sectionTemplateVersion="2015-5-24">
				<title>Tools</title>
			</item>
            <item identifier="i_terms"
                  identifierref="r_common.terms.index.htm"
                  ocw:sectionTemplateType="GlobalSection"
                  ocw:sectionTemplateVersion="2015-5-24">
				<title>Legal Notices</title>
			</item>
            <item identifier="i_terms"
                  identifierref="r_common.terms.index.htm"
                  ocw:sectionTemplateType="GlobalSection"
                  ocw:sectionTemplateVersion="2015-5-24">
				<title>Privacy Statement</title>
			</item>
            <item identifier="i_terms.trademarks"
                  identifierref="r_common.terms.trademarks.index.htm"
                  ocw:sectionTemplateType="GlobalSection"
                  ocw:sectionTemplateVersion="2015-5-24">
				<title>Trademark Notices</title>
			</item>
        </organization>
    </organizations>
    <resources>
        <resource identifier="r_contents.lecture-notes.MIT21M_380S10_lec02.pdf"
                  type="other"
                  href="contents/lecture-notes/MIT21M_380S10_lec02.pdf">
            <metadata>
                <adlcp:location>contents/lecture-notes/MIT21M_380S10_lec02.pdf.xml</adlcp:location>
            </metadata>
            <file href="contents/lecture-notes/MIT21M_380S10_lec02.pdf"/>
                        
        </resource>
        <resource identifier="r_contents.lecture-notes.MIT21M_380S10_lec13.pdf"
                  type="other"
                  href="contents/lecture-notes/MIT21M_380S10_lec13.pdf">
            <metadata>
                <adlcp:location>contents/lecture-notes/MIT21M_380S10_lec13.pdf.xml</adlcp:location>
            </metadata>
            <file href="contents/lecture-notes/MIT21M_380S10_lec13.pdf"/>
                        
        </resource>
        <resource identifier="r_contents.assignments-and-projects.index.htm"
                  type="webcontent"
                  href="contents/assignments-and-projects/index.htm">
            <metadata>
                <adlcp:location>contents/assignments-and-projects/index.htm.xml</adlcp:location>
            </metadata>
            <file href="contents/assignments-and-projects/index.htm"/>
            <dependency identifierref="webrenderrequirements.21m-380-music-and-technology-algorithmic-and-generative-music-spring-2010"/>            
        </resource>
        <resource identifier="r_contents.assignments-and-projects.design-report-2.index.htm"
                  type="webcontent"
                  href="contents/assignments-and-projects/design-report-2/index.htm">
            <metadata>
                <adlcp:location>contents/assignments-and-projects/design-report-2/index.htm.xml</adlcp:location>
            </metadata>
            <file href="contents/assignments-and-projects/design-report-2/index.htm"/>
            <dependency identifierref="webrenderrequirements.21m-380-music-and-technology-algorithmic-and-generative-music-spring-2010"/>            
        </resource>
        <resource identifier="r_contents.lecture-notes.MIT21M_380S10_lec18.pdf"
                  type="other"
                  href="contents/lecture-notes/MIT21M_380S10_lec18.pdf">
            <metadata>
                <adlcp:location>contents/lecture-notes/MIT21M_380S10_lec18.pdf.xml</adlcp:location>
            </metadata>
            <file href="contents/lecture-notes/MIT21M_380S10_lec18.pdf"/>
                        
        </resource>
        <resource identifier="r_contents.lecture-notes.MIT21M_380S10_lec25_26.pdf"
                  type="other"
                  href="contents/lecture-notes/MIT21M_380S10_lec25_26.pdf">
            <metadata>
                <adlcp:location>contents/lecture-notes/MIT21M_380S10_lec25_26.pdf.xml</adlcp:location>
            </metadata>
            <file href="contents/lecture-notes/MIT21M_380S10_lec25_26.pdf"/>
                        
        </resource>
        <resource identifier="r_contents.lecture-notes.MIT21M_380S10_notes.pdf"
                  type="other"
                  href="contents/lecture-notes/MIT21M_380S10_notes.pdf">
            <metadata>
                <adlcp:location>contents/lecture-notes/MIT21M_380S10_notes.pdf.xml</adlcp:location>
            </metadata>
            <file href="contents/lecture-notes/MIT21M_380S10_notes.pdf"/>
                        
        </resource>
        <resource identifier="r_contents.assignments-and-projects.video-soundtrack.assn_ss_a_files.zip"
                  type="other"
                  href="contents/assignments-and-projects/video-soundtrack/assn_ss_a_files.zip">
            <metadata>
                <adlcp:location>contents/assignments-and-projects/video-soundtrack/assn_ss_a_files.zip.xml</adlcp:location>
            </metadata>
            <file href="contents/assignments-and-projects/video-soundtrack/assn_ss_a_files.zip"/>
                        
        </resource>
        <resource identifier="r_contents.lecture-notes.MIT21M_380S10_lec23.pdf"
                  type="other"
                  href="contents/lecture-notes/MIT21M_380S10_lec23.pdf">
            <metadata>
                <adlcp:location>contents/lecture-notes/MIT21M_380S10_lec23.pdf.xml</adlcp:location>
            </metadata>
            <file href="contents/lecture-notes/MIT21M_380S10_lec23.pdf"/>
                        
        </resource>
        <resource identifier="r_contents.21m-380s10-th.jpg"
                  type="other"
                  href="contents/21m-380s10-th.jpg">
            <metadata>
                <adlcp:location>contents/21m-380s10-th.jpg.xml</adlcp:location>
            </metadata>
            <file href="contents/21m-380s10-th.jpg"/>
                        
        </resource>
        <resource identifier="r_contents.lecture-notes.MIT21M_380S10_lec03.pdf"
                  type="other"
                  href="contents/lecture-notes/MIT21M_380S10_lec03.pdf">
            <metadata>
                <adlcp:location>contents/lecture-notes/MIT21M_380S10_lec03.pdf.xml</adlcp:location>
            </metadata>
            <file href="contents/lecture-notes/MIT21M_380S10_lec03.pdf"/>
                        
        </resource>
        <resource identifier="r_contents.assignments-and-projects.design-report-3.index.htm"
                  type="webcontent"
                  href="contents/assignments-and-projects/design-report-3/index.htm">
            <metadata>
                <adlcp:location>contents/assignments-and-projects/design-report-3/index.htm.xml</adlcp:location>
            </metadata>
            <file href="contents/assignments-and-projects/design-report-3/index.htm"/>
            <dependency identifierref="webrenderrequirements.21m-380-music-and-technology-algorithmic-and-generative-music-spring-2010"/>            
        </resource>
        <resource identifier="r_contents.assignments-and-projects.video-soundtrack.index.htm"
                  type="webcontent"
                  href="contents/assignments-and-projects/video-soundtrack/index.htm">
            <metadata>
                <adlcp:location>contents/assignments-and-projects/video-soundtrack/index.htm.xml</adlcp:location>
            </metadata>
            <file href="contents/assignments-and-projects/video-soundtrack/index.htm"/>
            <dependency identifierref="webrenderrequirements.21m-380-music-and-technology-algorithmic-and-generative-music-spring-2010"/>            
        </resource>
        <resource identifier="r_contents.index.htm"
                  type="webcontent"
                  href="contents/index.htm">
            <metadata>
                <adlcp:location>contents/index.htm.xml</adlcp:location>
            </metadata>
            <file href="contents/index.htm"/>
            <dependency identifierref="webrenderrequirements.21m-380-music-and-technology-algorithmic-and-generative-music-spring-2010"/>            
        </resource>
        <resource identifier="r_contents.readings-and-listening.MIT21M_380S10_read_btmimos.pdf"
                  type="other"
                  href="contents/readings-and-listening/MIT21M_380S10_read_btmimos.pdf">
            <metadata>
                <adlcp:location>contents/readings-and-listening/MIT21M_380S10_read_btmimos.pdf.xml</adlcp:location>
            </metadata>
            <file href="contents/readings-and-listening/MIT21M_380S10_read_btmimos.pdf"/>
                        
        </resource>
        <resource identifier="r_contents.lecture-notes.index.htm"
                  type="webcontent"
                  href="contents/lecture-notes/index.htm">
            <metadata>
                <adlcp:location>contents/lecture-notes/index.htm.xml</adlcp:location>
            </metadata>
            <file href="contents/lecture-notes/index.htm"/>
            <dependency identifierref="webrenderrequirements.21m-380-music-and-technology-algorithmic-and-generative-music-spring-2010"/>            
        </resource>
        <resource identifier="r_contents.tools.index.htm"
                  type="webcontent"
                  href="contents/tools/index.htm">
            <metadata>
                <adlcp:location>contents/tools/index.htm.xml</adlcp:location>
            </metadata>
            <file href="contents/tools/index.htm"/>
            <dependency identifierref="webrenderrequirements.21m-380-music-and-technology-algorithmic-and-generative-music-spring-2010"/>            
        </resource>
        <resource identifier="r_contents.lecture-notes.MIT21M_380S10_lec19.pdf"
                  type="other"
                  href="contents/lecture-notes/MIT21M_380S10_lec19.pdf">
            <metadata>
                <adlcp:location>contents/lecture-notes/MIT21M_380S10_lec19.pdf.xml</adlcp:location>
            </metadata>
            <file href="contents/lecture-notes/MIT21M_380S10_lec19.pdf"/>
                        
        </resource>
        <resource identifier="r_contents.lecture-notes.MIT21M_380S10_lec01.pdf"
                  type="other"
                  href="contents/lecture-notes/MIT21M_380S10_lec01.pdf">
            <metadata>
                <adlcp:location>contents/lecture-notes/MIT21M_380S10_lec01.pdf.xml</adlcp:location>
            </metadata>
            <file href="contents/lecture-notes/MIT21M_380S10_lec01.pdf"/>
                        
        </resource>
        <resource identifier="r_contents.lecture-notes.MIT21M_380S10_lec16.pdf"
                  type="other"
                  href="contents/lecture-notes/MIT21M_380S10_lec16.pdf">
            <metadata>
                <adlcp:location>contents/lecture-notes/MIT21M_380S10_lec16.pdf.xml</adlcp:location>
            </metadata>
            <file href="contents/lecture-notes/MIT21M_380S10_lec16.pdf"/>
                        
        </resource>
        <resource identifier="r_contents.readings-and-listening.MIT21M_380S10_read_nlcaacs.pdf"
                  type="other"
                  href="contents/readings-and-listening/MIT21M_380S10_read_nlcaacs.pdf">
            <metadata>
                <adlcp:location>contents/readings-and-listening/MIT21M_380S10_read_nlcaacs.pdf.xml</adlcp:location>
            </metadata>
            <file href="contents/readings-and-listening/MIT21M_380S10_read_nlcaacs.pdf"/>
                        
        </resource>
        <resource identifier="r_contents.assignments-and-projects.generative-context.assn_ss_c_files.zip"
                  type="other"
                  href="contents/assignments-and-projects/generative-context/assn_ss_c_files.zip">
            <metadata>
                <adlcp:location>contents/assignments-and-projects/generative-context/assn_ss_c_files.zip.xml</adlcp:location>
            </metadata>
            <file href="contents/assignments-and-projects/generative-context/assn_ss_c_files.zip"/>
                        
        </resource>
        <resource identifier="r_contents.assignments-and-projects.genetic-algorithms.MIT21M_380S10_assn_ss_b.pdf"
                  type="other"
                  href="contents/assignments-and-projects/genetic-algorithms/MIT21M_380S10_assn_ss_b.pdf">
            <metadata>
                <adlcp:location>contents/assignments-and-projects/genetic-algorithms/MIT21M_380S10_assn_ss_b.pdf.xml</adlcp:location>
            </metadata>
            <file href="contents/assignments-and-projects/genetic-algorithms/MIT21M_380S10_assn_ss_b.pdf"/>
                        
        </resource>
        <resource identifier="r_contents.lecture-notes.MIT21M_380S10_lec_cvr_toc.pdf"
                  type="other"
                  href="contents/lecture-notes/MIT21M_380S10_lec_cvr_toc.pdf">
            <metadata>
                <adlcp:location>contents/lecture-notes/MIT21M_380S10_lec_cvr_toc.pdf.xml</adlcp:location>
            </metadata>
            <file href="contents/lecture-notes/MIT21M_380S10_lec_cvr_toc.pdf"/>
                        
        </resource>
        <resource identifier="r_contents.lecture-notes.MIT21M_380S10_lec24.pdf"
                  type="other"
                  href="contents/lecture-notes/MIT21M_380S10_lec24.pdf">
            <metadata>
                <adlcp:location>contents/lecture-notes/MIT21M_380S10_lec24.pdf.xml</adlcp:location>
            </metadata>
            <file href="contents/lecture-notes/MIT21M_380S10_lec24.pdf"/>
                        
        </resource>
        <resource identifier="r_contents.lecture-notes.MIT21M_380S10_lec22.pdf"
                  type="other"
                  href="contents/lecture-notes/MIT21M_380S10_lec22.pdf">
            <metadata>
                <adlcp:location>contents/lecture-notes/MIT21M_380S10_lec22.pdf.xml</adlcp:location>
            </metadata>
            <file href="contents/lecture-notes/MIT21M_380S10_lec22.pdf"/>
                        
        </resource>
        <resource identifier="r_contents.assignments-and-projects.project-sample-game-of-life-2013-with-music.index.htm"
                  type="webcontent"
                  href="contents/assignments-and-projects/project-sample-game-of-life-2013-with-music/index.htm">
            <metadata>
                <adlcp:location>contents/assignments-and-projects/project-sample-game-of-life-2013-with-music/index.htm.xml</adlcp:location>
            </metadata>
            <file href="contents/assignments-and-projects/project-sample-game-of-life-2013-with-music/index.htm"/>
            <dependency identifierref="webrenderrequirements.21m-380-music-and-technology-algorithmic-and-generative-music-spring-2010"/>            
        </resource>
        <resource identifier="r_contents.assignments-and-projects.design-report-1.Acr24F.jpg"
                  type="other"
                  href="contents/assignments-and-projects/design-report-1/Acr24F.jpg">
            <metadata>
                <adlcp:location>contents/assignments-and-projects/design-report-1/Acr24F.jpg.xml</adlcp:location>
            </metadata>
            <file href="contents/assignments-and-projects/design-report-1/Acr24F.jpg"/>
                        
        </resource>
        <resource identifier="r_contents.lecture-notes.MIT21M_380S10_lec04.pdf"
                  type="other"
                  href="contents/lecture-notes/MIT21M_380S10_lec04.pdf">
            <metadata>
                <adlcp:location>contents/lecture-notes/MIT21M_380S10_lec04.pdf.xml</adlcp:location>
            </metadata>
            <file href="contents/lecture-notes/MIT21M_380S10_lec04.pdf"/>
                        
        </resource>
        <resource identifier="r_contents.readings-and-listening.index.htm"
                  type="webcontent"
                  href="contents/readings-and-listening/index.htm">
            <metadata>
                <adlcp:location>contents/readings-and-listening/index.htm.xml</adlcp:location>
            </metadata>
            <file href="contents/readings-and-listening/index.htm"/>
            <dependency identifierref="webrenderrequirements.21m-380-music-and-technology-algorithmic-and-generative-music-spring-2010"/>            
        </resource>
        <resource identifier="r_contents.lecture-notes.MIT21M_380S10_lec07.pdf"
                  type="other"
                  href="contents/lecture-notes/MIT21M_380S10_lec07.pdf">
            <metadata>
                <adlcp:location>contents/lecture-notes/MIT21M_380S10_lec07.pdf.xml</adlcp:location>
            </metadata>
            <file href="contents/lecture-notes/MIT21M_380S10_lec07.pdf"/>
                        
        </resource>
        <resource identifier="r_contents.lecture-notes.MIT21M_380S10_lec11.pdf"
                  type="other"
                  href="contents/lecture-notes/MIT21M_380S10_lec11.pdf">
            <metadata>
                <adlcp:location>contents/lecture-notes/MIT21M_380S10_lec11.pdf.xml</adlcp:location>
            </metadata>
            <file href="contents/lecture-notes/MIT21M_380S10_lec11.pdf"/>
                        
        </resource>
        <resource identifier="r_contents.assignments-and-projects.genetic-algorithms.index.htm"
                  type="webcontent"
                  href="contents/assignments-and-projects/genetic-algorithms/index.htm">
            <metadata>
                <adlcp:location>contents/assignments-and-projects/genetic-algorithms/index.htm.xml</adlcp:location>
            </metadata>
            <file href="contents/assignments-and-projects/genetic-algorithms/index.htm"/>
            <dependency identifierref="webrenderrequirements.21m-380-music-and-technology-algorithmic-and-generative-music-spring-2010"/>            
        </resource>
        <resource identifier="r_contents.lecture-notes.MIT21M_380S10_lec21.pdf"
                  type="other"
                  href="contents/lecture-notes/MIT21M_380S10_lec21.pdf">
            <metadata>
                <adlcp:location>contents/lecture-notes/MIT21M_380S10_lec21.pdf.xml</adlcp:location>
            </metadata>
            <file href="contents/lecture-notes/MIT21M_380S10_lec21.pdf"/>
                        
        </resource>
        <resource identifier="r_contents.lecture-notes.MIT21M_380S10_lec_ref.pdf"
                  type="other"
                  href="contents/lecture-notes/MIT21M_380S10_lec_ref.pdf">
            <metadata>
                <adlcp:location>contents/lecture-notes/MIT21M_380S10_lec_ref.pdf.xml</adlcp:location>
            </metadata>
            <file href="contents/lecture-notes/MIT21M_380S10_lec_ref.pdf"/>
                        
        </resource>
        <resource identifier="r_contents.assignments-and-projects.genetic-algorithms.assn_ss_b_files.zip"
                  type="other"
                  href="contents/assignments-and-projects/genetic-algorithms/assn_ss_b_files.zip">
            <metadata>
                <adlcp:location>contents/assignments-and-projects/genetic-algorithms/assn_ss_b_files.zip.xml</adlcp:location>
            </metadata>
            <file href="contents/assignments-and-projects/genetic-algorithms/assn_ss_b_files.zip"/>
                        
        </resource>
        <resource identifier="r_contents.lecture-notes.MIT21M_380S10_lec20.pdf"
                  type="other"
                  href="contents/lecture-notes/MIT21M_380S10_lec20.pdf">
            <metadata>
                <adlcp:location>contents/lecture-notes/MIT21M_380S10_lec20.pdf.xml</adlcp:location>
            </metadata>
            <file href="contents/lecture-notes/MIT21M_380S10_lec20.pdf"/>
                        
        </resource>
        <resource identifier="r_contents.assignments-and-projects.design-report-1.index.htm"
                  type="webcontent"
                  href="contents/assignments-and-projects/design-report-1/index.htm">
            <metadata>
                <adlcp:location>contents/assignments-and-projects/design-report-1/index.htm.xml</adlcp:location>
            </metadata>
            <file href="contents/assignments-and-projects/design-report-1/index.htm"/>
            <dependency identifierref="webrenderrequirements.21m-380-music-and-technology-algorithmic-and-generative-music-spring-2010"/>            
        </resource>
        <resource identifier="r_contents.21m-380s10.jpg"
                  type="other"
                  href="contents/21m-380s10.jpg">
            <metadata>
                <adlcp:location>contents/21m-380s10.jpg.xml</adlcp:location>
            </metadata>
            <file href="contents/21m-380s10.jpg"/>
                        
        </resource>
        <resource identifier="r_contents.lecture-notes.MIT21M_380S10_lec06.pdf"
                  type="other"
                  href="contents/lecture-notes/MIT21M_380S10_lec06.pdf">
            <metadata>
                <adlcp:location>contents/lecture-notes/MIT21M_380S10_lec06.pdf.xml</adlcp:location>
            </metadata>
            <file href="contents/lecture-notes/MIT21M_380S10_lec06.pdf"/>
                        
        </resource>
        <resource identifier="r_contents.lecture-notes.MIT21M_380S10_lec10.pdf"
                  type="other"
                  href="contents/lecture-notes/MIT21M_380S10_lec10.pdf">
            <metadata>
                <adlcp:location>contents/lecture-notes/MIT21M_380S10_lec10.pdf.xml</adlcp:location>
            </metadata>
            <file href="contents/lecture-notes/MIT21M_380S10_lec10.pdf"/>
                        
        </resource>
        <resource identifier="r_contents.lecture-notes.MIT21M_380S10_lec09.pdf"
                  type="other"
                  href="contents/lecture-notes/MIT21M_380S10_lec09.pdf">
            <metadata>
                <adlcp:location>contents/lecture-notes/MIT21M_380S10_lec09.pdf.xml</adlcp:location>
            </metadata>
            <file href="contents/lecture-notes/MIT21M_380S10_lec09.pdf"/>
                        
        </resource>
        <resource identifier="r_contents.lecture-notes.MIT21M_380S10_lec05.pdf"
                  type="other"
                  href="contents/lecture-notes/MIT21M_380S10_lec05.pdf">
            <metadata>
                <adlcp:location>contents/lecture-notes/MIT21M_380S10_lec05.pdf.xml</adlcp:location>
            </metadata>
            <file href="contents/lecture-notes/MIT21M_380S10_lec05.pdf"/>
                        
        </resource>
        <resource identifier="r_contents.lecture-notes.MIT21M_380S10_lec14.pdf"
                  type="other"
                  href="contents/lecture-notes/MIT21M_380S10_lec14.pdf">
            <metadata>
                <adlcp:location>contents/lecture-notes/MIT21M_380S10_lec14.pdf.xml</adlcp:location>
            </metadata>
            <file href="contents/lecture-notes/MIT21M_380S10_lec14.pdf"/>
                        
        </resource>
        <resource identifier="r_contents.assignments-and-projects.generative-context.index.htm"
                  type="webcontent"
                  href="contents/assignments-and-projects/generative-context/index.htm">
            <metadata>
                <adlcp:location>contents/assignments-and-projects/generative-context/index.htm.xml</adlcp:location>
            </metadata>
            <file href="contents/assignments-and-projects/generative-context/index.htm"/>
            <dependency identifierref="webrenderrequirements.21m-380-music-and-technology-algorithmic-and-generative-music-spring-2010"/>            
        </resource>
        <resource identifier="r_contents.lecture-notes.MIT21M_380S10_lec08.pdf"
                  type="other"
                  href="contents/lecture-notes/MIT21M_380S10_lec08.pdf">
            <metadata>
                <adlcp:location>contents/lecture-notes/MIT21M_380S10_lec08.pdf.xml</adlcp:location>
            </metadata>
            <file href="contents/lecture-notes/MIT21M_380S10_lec08.pdf"/>
                        
        </resource>
        <resource identifier="r_contents.lecture-notes.MIT21M_380S10_lec12.pdf"
                  type="other"
                  href="contents/lecture-notes/MIT21M_380S10_lec12.pdf">
            <metadata>
                <adlcp:location>contents/lecture-notes/MIT21M_380S10_lec12.pdf.xml</adlcp:location>
            </metadata>
            <file href="contents/lecture-notes/MIT21M_380S10_lec12.pdf"/>
                        
        </resource>
        <resource identifier="r_contents.assignments-and-projects.design-report-3.assn3_a.pd"
                  type="other"
                  href="contents/assignments-and-projects/design-report-3/assn3_a.pd">
            <metadata>
                <adlcp:location>contents/assignments-and-projects/design-report-3/assn3_a.pd.xml</adlcp:location>
            </metadata>
            <file href="contents/assignments-and-projects/design-report-3/assn3_a.pd"/>
                        
        </resource>
        <resource identifier="r_contents.assignments-and-projects.generative-context.MIT21M_380S10_assn_ss_c.pdf"
                  type="other"
                  href="contents/assignments-and-projects/generative-context/MIT21M_380S10_assn_ss_c.pdf">
            <metadata>
                <adlcp:location>contents/assignments-and-projects/generative-context/MIT21M_380S10_assn_ss_c.pdf.xml</adlcp:location>
            </metadata>
            <file href="contents/assignments-and-projects/generative-context/MIT21M_380S10_assn_ss_c.pdf"/>
                        
        </resource>
        <resource identifier="r_contents.assignments-and-projects.project-sample-game-of-life-2013-with-music.gameoflife.jpg"
                  type="other"
                  href="contents/assignments-and-projects/project-sample-game-of-life-2013-with-music/gameoflife.jpg">
            <metadata>
                <adlcp:location>contents/assignments-and-projects/project-sample-game-of-life-2013-with-music/gameoflife.jpg.xml</adlcp:location>
            </metadata>
            <file href="contents/assignments-and-projects/project-sample-game-of-life-2013-with-music/gameoflife.jpg"/>
                        
        </resource>
        <resource identifier="r_contents.lecture-notes.MIT21M_380S10_lec15.pdf"
                  type="other"
                  href="contents/lecture-notes/MIT21M_380S10_lec15.pdf">
            <metadata>
                <adlcp:location>contents/lecture-notes/MIT21M_380S10_lec15.pdf.xml</adlcp:location>
            </metadata>
            <file href="contents/lecture-notes/MIT21M_380S10_lec15.pdf"/>
                        
        </resource>
        <resource identifier="r_contents.Syllabus.index.htm"
                  type="webcontent"
                  href="contents/Syllabus/index.htm">
            <metadata>
                <adlcp:location>contents/Syllabus/index.htm.xml</adlcp:location>
            </metadata>
            <file href="contents/Syllabus/index.htm"/>
            <dependency identifierref="webrenderrequirements.21m-380-music-and-technology-algorithmic-and-generative-music-spring-2010"/>            
        </resource>
        <resource identifier="r_contents.lecture-notes.MIT21M_380S10_lec17.pdf"
                  type="other"
                  href="contents/lecture-notes/MIT21M_380S10_lec17.pdf">
            <metadata>
                <adlcp:location>contents/lecture-notes/MIT21M_380S10_lec17.pdf.xml</adlcp:location>
            </metadata>
            <file href="contents/lecture-notes/MIT21M_380S10_lec17.pdf"/>
                        
        </resource>
        <resource identifier="r_contents.assignments-and-projects.design-report-2.assn2_a_files.zip"
                  type="other"
                  href="contents/assignments-and-projects/design-report-2/assn2_a_files.zip">
            <metadata>
                <adlcp:location>contents/assignments-and-projects/design-report-2/assn2_a_files.zip.xml</adlcp:location>
            </metadata>
            <file href="contents/assignments-and-projects/design-report-2/assn2_a_files.zip"/>
                        
        </resource>        
        <resource identifier="r_common.search.AdvancedSearch.htm"
                  type="webcontent"
                  href="common/search/AdvancedSearch.htm">
            <file href="common/search/AdvancedSearch.htm"/>
            <dependency identifierref="webrenderrequirements.21m-380-music-and-technology-algorithmic-and-generative-music-spring-2010"/>            
        </resource>
        <resource identifier="r_common.jsp.feedback.htm"
                  type="webcontent"
                  href="common/jsp/feedback.htm">
            <file href="common/jsp/feedback.htm"/>
            <dependency identifierref="webrenderrequirements.21m-380-music-and-technology-algorithmic-and-generative-music-spring-2010"/>            
        </resource>
        <resource identifier="r_common.terms.index.htm"
                  type="webcontent"
                  href="common/terms/index.htm">
            <file href="common/terms/by.png"/>
            <file href="common/terms/nc.png"/>
            <file href="common/terms/sa.png"/>
            <file href="common/terms/deedheadyellow.png"/>
            <file href="common/terms/freedomsheader.png"/>
            <file href="common/terms/limitationsheader.png"/>
            <file href="common/terms/understandingheader.jpg"/>
            <file href="common/terms/deedfootyellow.png"/>
            <dependency identifierref="webrenderrequirements.21m-380-music-and-technology-algorithmic-and-generative-music-spring-2010"/>            
        </resource>
        <resource identifier="r_common.terms.trademarks.index.htm"
                  type="webcontent"
                  href="common/terms/trademarks/index.htm">
            <file href="common/terms/trademarks/index.htm"/>
            <dependency identifierref="webrenderrequirements.21m-380-music-and-technology-algorithmic-and-generative-music-spring-2010"/>            
        </resource>
        <resource identifier="webrenderrequirements.21m-380-music-and-technology-algorithmic-and-generative-music-spring-2010"
                  type="webcontent">
        	<file href="common/styles/base.css"/>
        	<file href="common/styles/courses.css"/>
        	<file href="common/styles/courses_new.css"/>
        	<file href="common/styles/educator.css"/>
        	<file href="common/styles/global.css"/>
        	<file href="common/styles/grid.css"/>
        	<file href="common/styles/highslide.css"/>
        	<file href="common/styles/highslide-ie6.css"/>
        	<file href="common/styles/jquery.bubblepopup.css"/>
        	<file href="common/styles/jquery.jscrollpane.css"/>
        	<file href="common/styles/jquery-ui.css"/>
        	<file href="common/styles/menu.css"/>
        	<file href="common/styles/scholar2.css"/>
        	<file href="common/styles/media_tabs.css"/>
        	<file href="common/scripts/bubble-popup-offline.js"/>
        	<file href="common/scripts/jquery.js"/>
        	<file href="common/scripts/ocw-media-utils.js"/>
        	<file href="common/scripts/ocw-media-utils-offline.js"/>
        	<file href="common/scripts/highslide-with-gallery.js"/>
        	<file href="common/scripts/jquery.bubblepopup.min.js"/>
        	<file href="common/scripts/jquery.jscrollpane.min.js"/>
        	<file href="common/scripts/jquery-ui.min.js"/>
        	<file href="common/scripts/jQuizMe-uncompressed.js"/>
        	<file href="common/scripts/ocw-offline.js"/>
        	<file href="common/scripts/expandy.js"/>
        	<file href="common/scripts/chart.js"/>
        	<file href="common/scripts/jquery.anythingslider.js"/>
        	<file href="common/images/ocw_mast.png"/>
        	<file href="common/images/button_subscribe.png"/>
        	<file href="common/images/icon_fb.png"/>
        	<file href="common/images/icon_gp.png"/>
        	<file href="common/images/icon_pin.png"/>
        	<file href="common/images/icon_tw.png"/>
        	<file href="common/images/icon-question-ovt.png"/>
        	<file href="common/images/icon-question-svt.png"/>
        	<file href="common/images/icon-question-avt.png"/>
        	<file href="common/images/top-nav_home.png"/>
        	<file href="common/images/button_search.png"/>
        	<file href="common/images/bg_top.png"/>
        	<file href="common/images/bg_social.png"/>
        	<file href="common/images/bg_social2.png"/>
        	<file href="common/images/bg_mega-courses.png"/>
        	<file href="common/images/bg_center2.png"/>
        	<file href="common/images/bg_course-nav_current.png"/>
        	<file href="common/images/button_donate-now.png"/>
        	<file href="common/images/logo_mit.png"/>
        	<file href="common/images/logo_ocwc.gif"/>
        	<file href="common/images/cc_by-nc-sa.png"/>
        	<file href="common/images/logo_dow.png"/>
        	<file href="common/images/logo_lockheed.png"/>
        	<file href="common/images/logo_mathworks.png"/>
        	<file href="common/images/logo_abinitio.png"/>
        	<file href="common/images/bg_bottom.png"/>
        	<file href="common/images/nav_arrow.png"/>
        	<file href="common/images/news-subscibe_bg.png"/>
        	<file href="common/images/black-arrow.gif"/>
        	<file href="common/images/trans.gif"/>
        	<file href="common/images/arrow-bullet.gif"/>
        	<file href="common/images/apple-touch-icon.png"/>
        	<file href="common/images/highslide/graphics/zoomin.cur"/>
        	<file href="common/images/highslide/graphics/zoomout.cur"/>
        	<file href="common/images/highslide/graphics/controlbar2.gif"/>
        	<file href="common/images/highslide/graphics/controlbar3.gif"/>
        	<file href="common/images/highslide/graphics/controlbar4.gif"/>
        	<file href="common/images/highslide/graphics/controlbar4-hover.gif"/>
        	<file href="common/images/highslide/graphics/controlbar-black-border.gif"/>
        	<file href="common/images/highslide/graphics/controlbar-white.gif"/>
        	<file href="common/images/highslide/graphics/controlbar-white-small.gif"/>
        	<file href="common/images/highslide/graphics/fullexpand.gif"/>
        	<file href="common/images/highslide/graphics/icon.gif"/>
        	<file href="common/images/highslide/graphics/loader.gif"/>
        	<file href="common/images/highslide/graphics/loader.white.gif"/>
        	<file href="common/images/highslide/graphics/resize.gif"/>
        	<file href="common/images/highslide/graphics/close.png"/>
        	<file href="common/images/highslide/graphics/closeX.png"/>
        	<file href="common/images/highslide/graphics/controlbar-text-buttons.png"/>
        	<file href="common/images/highslide/graphics/geckodimmer.png"/>
        	<file href="common/images/highslide/graphics/scrollarrows.png"/>
        	<file href="common/images/highslide/graphics/outlines/beveled.png"/>
        	<file href="common/images/highslide/graphics/outlines/drop-shadow.png"/>
        	<file href="common/images/highslide/graphics/outlines/glossy-dark.png"/>
        	<file href="common/images/highslide/graphics/outlines/outer-glow.png"/>
        	<file href="common/images/highslide/graphics/outlines/rounded-black.png"/>
        	<file href="common/images/highslide/graphics/outlines/rounded-white.png"/>
        	<file href="common/images/highslide/graphics/outlines/Outlines.psd"/>
        	<file href="common/images/button_continue.jpg"/>
        	<file href="common/images/button_donate.jpg"/>
        	<file href="common/images/button_start.jpg"/>
        	<file href="common/images/scholar_bar_chp.png"/>
        	<file href="common/images/scholar_bar.png"/>
        	<file href="common/images/logo_pdf.jpg"/>
        	<file href="common/images/h2_trigger_open_close.gif"/>
        	<file href="common/images/bookmark.gif"/>
        	<file href="common/images/check.png"/>
        	<file href="common/images/lightbulb.png"/>
        	<file href="common/images/audio_file.gif"/>
        	<file href="common/images/audio_only_slate.gif"/>
        	<file href="common/images/video_file.gif"/>
        	<file href="common/images/back-5.png"/>
        	<file href="common/images/btn_next_resource.png"/>
        	<file href="common/images/btn_previous_resource.png"/>
        	<file href="common/images/close.png"/>
        	<file href="common/images/inacessible.gif"/>
        	<file href="common/images/jquerybubblepopup-theme/grey/ie/bottom-left.gif"/>
        	<file href="common/images/jquerybubblepopup-theme/grey/ie/bottom-middle.gif"/>
        	<file href="common/images/jquerybubblepopup-theme/grey/ie/bottom-right.gif"/>
        	<file href="common/images/jquerybubblepopup-theme/grey/ie/middle-left.gif"/>
        	<file href="common/images/jquerybubblepopup-theme/grey/ie/middle-right.gif"/>
        	<file href="common/images/jquerybubblepopup-theme/grey/ie/tail-bottom.gif"/>
        	<file href="common/images/jquerybubblepopup-theme/grey/ie/tail-left.gif"/>
        	<file href="common/images/jquerybubblepopup-theme/grey/ie/tail-right.gif"/>
        	<file href="common/images/jquerybubblepopup-theme/grey/ie/tail-top.gif"/>
        	<file href="common/images/jquerybubblepopup-theme/grey/ie/top-left.gif"/>
        	<file href="common/images/jquerybubblepopup-theme/grey/ie/top-middle.gif"/>
        	<file href="common/images/jquerybubblepopup-theme/grey/ie/top-right.gif"/>
        	<file href="common/images/jquerybubblepopup-theme/grey/bottom-left.png"/>
        	<file href="common/images/jquerybubblepopup-theme/grey/bottom-middle.png"/>
        	<file href="common/images/jquerybubblepopup-theme/grey/bottom-right.png"/>
        	<file href="common/images/jquerybubblepopup-theme/grey/middle-left.png"/>
        	<file href="common/images/jquerybubblepopup-theme/grey/middle-right.png"/>
        	<file href="common/images/jquerybubblepopup-theme/grey/tail-bottom.png"/>
        	<file href="common/images/jquerybubblepopup-theme/grey/tail-left.png"/>
        	<file href="common/images/jquerybubblepopup-theme/grey/tail-right.png"/>
        	<file href="common/images/jquerybubblepopup-theme/grey/tail-top.png"/>
        	<file href="common/images/jquerybubblepopup-theme/grey/top-left.png"/>
        	<file href="common/images/jquerybubblepopup-theme/grey/top-middle.png"/>
        	<file href="common/images/jquerybubblepopup-theme/grey/top-right.png"/>
        	<file href="common/images/educator/classroom_next.png"/>
        	<file href="common/images/educator/classroom_next_dim.png"/>
        	<file href="common/images/educator/classroom_prev.png"/>
        	<file href="common/images/educator/classroom_prev_dim.png"/>
        	<file href="common/images/educator/edu_b-blank.png"/>
        	<file href="common/images/educator/edu_b-blank-key.png"/>
        	<file href="common/images/educator/edu_b-duedate.png"/>
        	<file href="common/images/educator/edu_b-duedate-key.png"/>
        	<file href="common/images/educator/edu_b-exam.png"/>
        	<file href="common/images/educator/edu_b-exam-key.png"/>
        	<file href="common/images/educator/edu_b-lab.png"/>
        	<file href="common/images/educator/edu_b-lab-key.png"/>
        	<file href="common/images/educator/edu_b-lab-team.png"/>
        	<file href="common/images/educator/edu_b-lab-duedate.png"/>
        	<file href="common/images/educator/edu_b-leclab.png"/>
        	<file href="common/images/educator/edu_b-leclab-key.png"/>
        	<file href="common/images/educator/edu_b-lecture.png"/>
        	<file href="common/images/educator/edu_b-lecture-duedate.png"/>
        	<file href="common/images/educator/edu_b-lecture-exam.png"/>
        	<file href="common/images/educator/edu_b-lecture-key.png"/>
        	<file href="common/images/educator/edu_b-lecture-lunch.png"/>
        	<file href="common/images/educator/edu_b-lecture-preslab.png"/>
        	<file href="common/images/educator/edu_b-lecture-quiz.png"/>
        	<file href="common/images/educator/edu_b-lecture-team.png"/>
        	<file href="common/images/educator/edu_b-lecrec-key.png"/>
        	<file href="common/images/educator/edu_b-leclab-duedate.png"/>
        	<file href="common/images/educator/edu_b-lecrec.png"/>
        	<file href="common/images/educator/edu_b-lecrec-duedate.png"/>
        	<file href="common/images/educator/edu_b-noclass-quiz.png"/>
        	<file href="common/images/educator/edu_b-lunch.png"/>
        	<file href="common/images/educator/edu_b-lunch-key.png"/>
        	<file href="common/images/educator/edu_b-noclass.png"/>
        	<file href="common/images/educator/edu_b-noclass-duedate.png"/>
        	<file href="common/images/educator/edu_b-noclass-exam.png"/>
        	<file href="common/images/educator/edu_b-noclass-key.png"/>
        	<file href="common/images/educator/edu_b-office.png"/>
        	<file href="common/images/educator/edu_b-office-key.png"/>
        	<file href="common/images/educator/edu_b-present.png"/>
        	<file href="common/images/educator/edu_b-present-duedate.png"/>
        	<file href="common/images/educator/edu_b-present-key.png"/>
        	<file href="common/images/educator/edu_b-preslab.png"/>
        	<file href="common/images/educator/edu_b-preslab-key.png"/>
        	<file href="common/images/educator/edu_b-quiz-key.png"/>
        	<file href="common/images/educator/edu_b-reclab-key.png"/>
        	<file href="common/images/educator/edu_b-reclab-concert.png"/>
        	<file href="common/images/educator/edu_b-reclab.png"/>
        	<file href="common/images/educator/edu_b-noclass-concert.png"/>
        	<file href="common/images/educator/edu_b-leclab-concert.png"/>
        	<file href="common/images/educator/edu_b-concert-key.png"/>
        	<file href="common/images/educator/edu_b-concert.png"/>
        	<file href="common/images/educator/edu_b-recitation.png"/>
        	<file href="common/images/educator/edu_b-recitation-duedate.png"/>
        	<file href="common/images/educator/edu_b-recitation-exam.png"/>
        	<file href="common/images/educator/edu_b-recitation-key.png"/>
        	<file href="common/images/educator/edu_b-team.png"/>
        	<file href="common/images/educator/edu_b-team-key.png"/>
        	<file href="common/images/educator/edu_b-team-preslab.png"/>
        	<file href="common/images/educator/edu_b-work.png"/>
        	<file href="common/images/educator/edu_b-work-key.png"/>
        	<file href="common/images/educator/icon-question-cih.png"/>
        	<file href="common/images/educator/icon-question-cihw.png"/>
        	<file href="common/images/educator/icon-question-cim.png"/>
        	<file href="common/images/educator/icon-question-collab.png"/>
        	<file href="common/images/educator/icon-question-coop.png"/>
        	<file href="common/images/educator/icon-question-fas.png"/>
        	<file href="common/images/educator/icon-question-gir.png"/>
        	<file href="common/images/educator/icon-question-hass.png"/>
        	<file href="common/images/educator/icon-question-hass-s.png"/>
        	<file href="common/images/educator/icon-question-iap.png"/>
        	<file href="common/images/educator/icon-question-lab.png"/>
        	<file href="common/images/educator/icon-question-urop.png"/>
        	<file href="common/images/educator/icon-question-active.png"/>
        	<file href="common/images/educator/icon-question-clickq.png"/>
        	<file href="common/images/educator/icon-question-conq.png"/>
        	<file href="common/images/educator/icon-question-flip.png"/>
        	<file href="common/images/educator/icon-question-form.png"/>
        	<file href="common/images/educator/icon-question-immed.png"/>
        	<file href="common/images/educator/icon-question-learn.png"/>
        	<file href="common/images/educator/icon-question-ped.png"/>
        	<file href="common/images/educator/icon-question-readq.png"/>
        	<file href="common/images/educator/icon-question-service.png"/>
        	<file href="common/images/educator/icon-question-sum.png"/>
        	<file href="common/webfonts/TitilliumText22L002-webfont.woff"/>
        	<file href="common/webfonts/TitilliumText22L002-webfont.ttf"/>
        	<file href="common/webfonts/TitilliumText22L002-webfont.svg"/>
        	<file href="common/webfonts/TitilliumText22L002-webfont.eot"/>
        	<file href="common/webfonts/TitilliumText22L003-webfont.woff"/>
        	<file href="common/webfonts/TitilliumText22L003-webfont.ttf"/>
        	<file href="common/webfonts/TitilliumText22L003-webfont.eot"/>
        	<file href="common/webfonts/TitilliumText22L003-webfont.svg"/>
        	<file href="common/webfonts/TitilliumText22L005-webfont.woff"/>
        	<file href="common/webfonts/TitilliumText22L005-webfont.ttf"/>
        	<file href="common/webfonts/TitilliumText22L005-webfont.svg"/>
        	<file href="common/webfonts/TitilliumText22L005-webfont.eot"/>
        </resource>        
  </resources>
</manifest>
